{
  "content": [
    {
      "path": "ContentInfo/julysfire-airport-f45-npbc/Thumbnail.jpg",
      "size": 13520,
      "date": 132399197780000000
    },
    {
      "path": "manifest.json",
      "size": 309,
      "date": 132445306898563381
    },
    {
      "path": "scenery/global/scenery/modelLib.BGL",
      "size": 5340012,
      "date": 132445336733521112
    },
    {
      "path": "scenery/global/scenery/TEXTURE/TEX1.PNG.DDS",
      "size": 89478640,
      "date": 132445233671520685
    },
    {
      "path": "scenery/global/scenery/TEXTURE/TEX1.PNG.DDS.json",
      "size": 119,
      "date": 132445233670569823
    },
    {
      "path": "scenery/global/scenery/TEXTURE/TEX2.PNG.DDS",
      "size": 89478640,
      "date": 132445336732450141
    },
    {
      "path": "scenery/global/scenery/TEXTURE/TEX2.PNG.DDS.json",
      "size": 119,
      "date": 132445336731239011
    },
    {
      "path": "scenery/world/scenery/CVX0045.BGL",
      "size": 17909,
      "date": 132445233743277703
    },
    {
      "path": "scenery/world/scenery/objects.bgl",
      "size": 347864,
      "date": 132445336736113467
    }
  ]
}