{
  "content": [
    {
      "path": "ContentInfo/julysfire-airport-f45-npbc/Thumbnail.jpg",
      "size": 30988,
      "date": 132531416445411421
    },
    {
      "path": "scenery/global/sceneryF45/modelLibF45.BGL",
      "size": 5340300,
      "date": 132750917111152964
    },
    {
      "path": "scenery/global/sceneryF45/texture/TEX1.PNG.DDS",
      "size": 89478640,
      "date": 132750917035339953
    },
    {
      "path": "scenery/global/sceneryF45/texture/TEX1.PNG.DDS.json",
      "size": 119,
      "date": 132750917034329037
    },
    {
      "path": "scenery/global/sceneryF45/texture/TEX2.PNG.DDS",
      "size": 89478640,
      "date": 132750917107930037
    },
    {
      "path": "scenery/global/sceneryF45/texture/TEX2.PNG.DDS.json",
      "size": 119,
      "date": 132750917106979170
    },
    {
      "path": "scenery/world/sceneryF45/CVX0045.bgl",
      "size": 17910,
      "date": 132750917113585171
    },
    {
      "path": "scenery/world/sceneryF45/objects.bgl",
      "size": 208738,
      "date": 132750917113274896
    }
  ]
}