{
  "content": [
    {
      "path": "ContentInfo/julysfire-airport-f45-npbc/Thumbnail.jpg",
      "size": 13520,
      "date": 132399197780000000
    },
    {
      "path": "scenery/global/sceneryF45/modelLibF45.BGL",
      "size": 5340060,
      "date": 132509760470049116
    },
    {
      "path": "scenery/global/sceneryF45/TEXTURE/TEX1.PNG.DDS",
      "size": 89478640,
      "date": 132509760394937220
    },
    {
      "path": "scenery/global/sceneryF45/TEXTURE/TEX1.PNG.DDS.json",
      "size": 119,
      "date": 132509760393976345
    },
    {
      "path": "scenery/global/sceneryF45/TEXTURE/TEX2.PNG.DDS",
      "size": 89478640,
      "date": 132509760466500050
    },
    {
      "path": "scenery/global/sceneryF45/TEXTURE/TEX2.PNG.DDS.json",
      "size": 119,
      "date": 132509760465604781
    },
    {
      "path": "scenery/world/sceneryF45/CVX0045.BGL",
      "size": 17909,
      "date": 132509760473302077
    },
    {
      "path": "scenery/world/sceneryF45/objects.bgl",
      "size": 210046,
      "date": 132509760472471323
    }
  ]
}