{
  "content": [
    {
      "path": "ContentInfo/julysfire-airport-f45-npbc/Thumbnail.jpg",
      "size": 30988,
      "date": 132531416445411421
    },
    {
      "path": "scenery/global/sceneryF45/modelLibF45.BGL",
      "size": 5340060,
      "date": 132531416754702640
    },
    {
      "path": "scenery/global/sceneryF45/TEXTURE/TEX1.PNG.DDS",
      "size": 89478640,
      "date": 132531416682179114
    },
    {
      "path": "scenery/global/sceneryF45/TEXTURE/TEX1.PNG.DDS.json",
      "size": 119,
      "date": 132531416681248275
    },
    {
      "path": "scenery/global/sceneryF45/TEXTURE/TEX2.PNG.DDS",
      "size": 89478640,
      "date": 132531416751434638
    },
    {
      "path": "scenery/global/sceneryF45/TEXTURE/TEX2.PNG.DDS.json",
      "size": 119,
      "date": 132531416750523809
    },
    {
      "path": "scenery/world/sceneryF45/CVX0045.BGL",
      "size": 17909,
      "date": 132531416757856317
    },
    {
      "path": "scenery/world/sceneryF45/objects.bgl",
      "size": 210046,
      "date": 132531416757075597
    }
  ]
}