{
  "content": [
    {
      "path": "ContentInfo/julysfire-airport-f45-npbc/Thumbnail.jpg",
      "size": 30988,
      "date": 132531416445411421
    },
    {
      "path": "scenery/global/sceneryF45/modelLibF45.BGL",
      "size": 5340472,
      "date": 132997985636006101
    },
    {
      "path": "scenery/global/sceneryF45/texture/TEX1.PNG.DDS",
      "size": 89478640,
      "date": 132997985570610744
    },
    {
      "path": "scenery/global/sceneryF45/texture/TEX1.PNG.DDS.json",
      "size": 119,
      "date": 132997985569762870
    },
    {
      "path": "scenery/global/sceneryF45/texture/TEX2.PNG.DDS",
      "size": 89478640,
      "date": 132997985635755886
    },
    {
      "path": "scenery/global/sceneryF45/texture/TEX2.PNG.DDS.json",
      "size": 119,
      "date": 132997985634956787
    },
    {
      "path": "scenery/world/sceneryF45/objects.bgl",
      "size": 232378,
      "date": 132997985638588451
    }
  ]
}