{
  "content": [
    {
      "path": "ContentInfo/julysfire-airport-f45-npbc/Thumbnail.jpg",
      "size": 13520,
      "date": 132399197780000000
    },
    {
      "path": "manifest.json",
      "size": 308,
      "date": 132472091138781411
    },
    {
      "path": "scenery/global/scenery/modelLib.BGL",
      "size": 5340012,
      "date": 132472455474077221
    },
    {
      "path": "scenery/global/scenery/TEXTURE/TEX1.PNG.DDS",
      "size": 89478640,
      "date": 132472091063413043
    },
    {
      "path": "scenery/global/scenery/TEXTURE/TEX1.PNG.DDS.json",
      "size": 119,
      "date": 132472091062432115
    },
    {
      "path": "scenery/global/scenery/TEXTURE/TEX2.PNG.DDS",
      "size": 89478640,
      "date": 132472091133100281
    },
    {
      "path": "scenery/global/scenery/TEXTURE/TEX2.PNG.DDS.json",
      "size": 119,
      "date": 132472091132199454
    },
    {
      "path": "scenery/world/scenery/CVX0045.BGL",
      "size": 17909,
      "date": 132472091138411125
    },
    {
      "path": "scenery/world/scenery/objects.bgl",
      "size": 210046,
      "date": 132472455476289237
    }
  ]
}