{
  "content": [
    {
      "path": "ContentInfo/julysfire-airport-f45-npbc/Thumbnail.jpg",
      "size": 30988,
      "date": 132531416445411421
    },
    {
      "path": "scenery/global/sceneryF45/modelLibF45.BGL",
      "size": 5340060,
      "date": 132612541746416287
    },
    {
      "path": "scenery/global/sceneryF45/TEXTURE/TEX1.PNG.DDS",
      "size": 89478640,
      "date": 132612534947486643
    },
    {
      "path": "scenery/global/sceneryF45/TEXTURE/TEX1.PNG.DDS.json",
      "size": 119,
      "date": 132612534946575812
    },
    {
      "path": "scenery/global/sceneryF45/TEXTURE/TEX2.PNG.DDS",
      "size": 89478640,
      "date": 132612535018732169
    },
    {
      "path": "scenery/global/sceneryF45/TEXTURE/TEX2.PNG.DDS.json",
      "size": 119,
      "date": 132612535017801322
    },
    {
      "path": "scenery/world/sceneryF45/CVX0045.BGL",
      "size": 17910,
      "date": 132612541749549130
    },
    {
      "path": "scenery/world/sceneryF45/objects.bgl",
      "size": 208654,
      "date": 132612541748798446
    }
  ]
}