{
  "content": [
    {
      "path": "ContentInfo/julysfire-airport-f45-npbc/Thumbnail.jpg",
      "size": 30988,
      "date": 132531416445411421
    },
    {
      "path": "scenery/global/sceneryF45/modelLibF45.BGL",
      "size": 5340060,
      "date": 132628385203828729
    },
    {
      "path": "scenery/global/sceneryF45/TEXTURE/TEX1.PNG.DDS",
      "size": 89478640,
      "date": 132628385132018833
    },
    {
      "path": "scenery/global/sceneryF45/TEXTURE/TEX1.PNG.DDS.json",
      "size": 119,
      "date": 132628385131118019
    },
    {
      "path": "scenery/global/sceneryF45/TEXTURE/TEX2.PNG.DDS",
      "size": 89478640,
      "date": 132628385201557321
    },
    {
      "path": "scenery/global/sceneryF45/TEXTURE/TEX2.PNG.DDS.json",
      "size": 119,
      "date": 132628385200696536
    },
    {
      "path": "scenery/world/sceneryF45/CVX0045.bgl",
      "size": 17910,
      "date": 132628385206866508
    },
    {
      "path": "scenery/world/sceneryF45/objects.bgl",
      "size": 208654,
      "date": 132628385206145871
    }
  ]
}