{
  "content": [
    {
      "path": "ContentInfo/julysfire-airport-f45-npbc/ContentHistory.json",
      "size": 149,
      "date": 133213358480432692
    },
    {
      "path": "ContentInfo/julysfire-airport-f45-npbc/Thumbnail.jpg",
      "size": 30988,
      "date": 132531416445411421
    },
    {
      "path": "scenery/global/sceneryF45/modelLibF45.BGL",
      "size": 5340472,
      "date": 133213358477810026
    },
    {
      "path": "scenery/global/sceneryF45/texture/TEX1.PNG.DDS",
      "size": 89478640,
      "date": 132509760094504222
    },
    {
      "path": "scenery/global/sceneryF45/texture/TEX1.PNG.DDS.json",
      "size": 119,
      "date": 132509760094504222
    },
    {
      "path": "scenery/global/sceneryF45/texture/TEX2.PNG.DDS",
      "size": 89478640,
      "date": 132445317996722910
    },
    {
      "path": "scenery/global/sceneryF45/texture/TEX2.PNG.DDS.json",
      "size": 119,
      "date": 132445317996722910
    },
    {
      "path": "scenery/world/sceneryF45/objects.bgl",
      "size": 231822,
      "date": 133213358480332592
    }
  ]
}